{"count":1,"self":5359.437824,"total":8344.3098759,"children":{"InitializeActuators":{"count":1,"self":0.0010217,"total":0.0010217,"children":null},"InitializeSensors":{"count":1,"self":0.0010742,"total":0.0010742,"children":null},"AgentSendState":{"count":4993421,"self":4.2927672,"total":16.723917099999998,"children":{"CollectObservations":{"count":500311,"self":2.1528312,"total":2.1528313,"children":null},"WriteActionMask":{"count":500311,"self":0.57944889999999993,"total":0.57944889999999993,"children":null},"RequestDecision":{"count":500311,"self":1.0005813,"total":9.6988697999999989,"children":{"AgentInfo.ToProto":{"count":500311,"self":2.5333904,"total":8.6982885,"children":{"GenerateSensorData":{"count":500311,"self":6.164898,"total":6.1648980999999994,"children":null}}}}}}},"DecideAction":{"count":4993421,"self":2939.2740352,"total":2939.2740395,"children":null},"AgentAct":{"count":4993421,"self":28.860380799999998,"total":28.8720294,"children":{"AgentInfo.ToProto":{"count":1211,"self":0.0051454,"total":0.0116481,"children":{"GenerateSensorData":{"count":1211,"self":0.0065026999999999993,"total":0.0065026999999999993,"children":null}}}}}},"gauges":{"IMAgent1.CumulativeReward":{"count":1211,"max":-12128.6182,"min":-1154085.5,"runningAverage":-74763.82,"value":-71888.33,"weightedAverage":-40729.88}},"metadata":{"timer_format_version":"0.1.0","start_time_seconds":"1695181308","unity_version":"2021.3.27f1","command_line_arguments":"C:\\Users\\hass-admin\\Documents\\IMRLEnv\\agents\\..\/IMRLEnv_windows-desktop\/IMRLEnv.exe --mlagents-port 5005","communication_protocol_version":"1.5.0","com.unity.ml-agents_version":"2.0.0-exp.1","scene_name":"IMEnv","end_time_seconds":"1695189653"}}