{"count":1,"self":3840.3596288,"total":5490.2811029999993,"children":{"InitializeActuators":{"count":1,"self":0.001385,"total":0.001385,"children":null},"InitializeSensors":{"count":1,"self":0.0009549999999999999,"total":0.0009549999999999999,"children":null},"AgentSendState":{"count":3213270,"self":2.5919719999999997,"total":6.288428,"children":{"CollectObservations":{"count":321640,"self":0.669654,"total":0.669654,"children":null},"WriteActionMask":{"count":321640,"self":0.156769,"total":0.156769,"children":null},"RequestDecision":{"count":321640,"self":0.334845,"total":2.870033,"children":{"AgentInfo.ToProto":{"count":321640,"self":0.582058,"total":2.5351879999999998,"children":{"GenerateSensorData":{"count":321640,"self":1.9531299999999998,"total":1.9531299999999998,"children":null}}}}}}},"DecideAction":{"count":3213270,"self":1631.6184575999998,"total":1631.6184309999999,"children":null},"AgentAct":{"count":3213270,"self":12.008636,"total":12.011643999999999,"children":{"AgentInfo.ToProto":{"count":382,"self":0.000771,"total":0.003008,"children":{"GenerateSensorData":{"count":382,"self":0.002237,"total":0.002237,"children":null}}}}}},"gauges":{"IMAgent1.CumulativeReward":{"count":382,"max":11474.4121,"min":4169.621,"runningAverage":6946.609,"value":9135.45,"weightedAverage":7746.284}},"metadata":{"timer_format_version":"0.1.0","start_time_seconds":"1695614071","unity_version":"2021.3.27f1","command_line_arguments":"\/home\/saychuwho\/IMRLEnv\/agents\/..\/IMRLEnv_linux-server\/IMRLEnv.x86_64 --mlagents-port 5005","communication_protocol_version":"1.5.0","com.unity.ml-agents_version":"2.0.0-exp.1","scene_name":"IMEnv","end_time_seconds":"1695619561"}}