{"count":1,"self":3.1345989999999997,"total":3.249256,"children":{"InitializeActuators":{"count":1,"self":0.001384,"total":0.001384,"children":null},"InitializeSensors":{"count":1,"self":0.00095199999999999994,"total":0.00095199999999999994,"children":null},"AgentSendState":{"count":292,"self":0.001269,"total":0.008169,"children":{"CollectObservations":{"count":31,"self":0.00044199999999999996,"total":0.00044199999999999996,"children":null},"WriteActionMask":{"count":31,"self":0.00019099999999999998,"total":0.00019099999999999998,"children":null},"RequestDecision":{"count":31,"self":0.001562,"total":0.006267,"children":{"AgentInfo.ToProto":{"count":31,"self":0.00064799999999999992,"total":0.004705,"children":{"GenerateSensorData":{"count":31,"self":0.004057,"total":0.004057,"children":null}}}}}}},"DecideAction":{"count":292,"self":0.10020799999999999,"total":0.10020799999999999,"children":null},"AgentAct":{"count":292,"self":0.0031839999999999998,"total":0.0031839999999999998,"children":null}},"gauges":{},"metadata":{"timer_format_version":"0.1.0","start_time_seconds":"1692598898","unity_version":"2021.3.27f1","command_line_arguments":"\/home\/saychuwho\/IMRLEnv\/agents\/..\/IMRLEnv_Linux_Headless\/IMRLEnv.x86_64 --mlagents-port 5005","communication_protocol_version":"1.5.0","com.unity.ml-agents_version":"2.0.0-exp.1","scene_name":"IMEnv","end_time_seconds":"1692598901"}}